phrase_id,category,noisy_take,text
CMD01,command,no,Turn on the lights.
CMD02,command,yes,Turn off the fan.
CMD03,command,no,Open the front door.
CMD04,command,no,Close all the windows.
CMD05,command,no,Set an alarm for six thirty.
CMD06,command,no,Call my mother.
CMD07,command,no,Play some music.
CMD08,command,no,Stop the music.
CMD09,command,yes,Increase the volume.
CMD10,command,no,Decrease the volume.
NUM01,number,no,"My phone number is zero one seven one two, three four five, six seven eight."
NUM02,number,yes,The meeting starts at nine fifteen in the morning.
NUM03,number,no,Please pay five hundred and fifty taka at the counter.
NUM04,number,no,My room number is four hundred and seven.
NUM05,number,no,The train leaves on the twenty first of December.
NUM06,number,yes,There are three hundred and sixty five days in a year.
NUM07,number,no,Add two cups of rice and four cups of water.
NUM08,number,no,The temperature today is thirty two degrees.
NUM09,number,no,The Padma Bridge opened in two thousand and twenty two.
NUM10,number,no,Bus number eight takes forty minutes to reach the campus.
EVQ01,everyday,no,Could you please tell me where the library is?
EVQ02,everyday,no,I will be ten minutes late for class today.
EVQ03,everyday,no,How much does a cup of tea cost here?
EVQ04,everyday,no,Please send me the notes from yesterday's lecture.
EVQ05,everyday,no,Can you help me carry these books upstairs?
EVQ06,everyday,yes,It has been raining since early morning.
EVQ07,everyday,no,What time does the pharmacy close tonight?
EVQ08,everyday,no,I prefer studying in the evening when it is quiet.
EVQ09,everyday,yes,Why is the traffic so heavy on this road?
EVQ10,everyday,no,Let's meet at the cafeteria after the exam.
NER01,named_entity,yes,I took a bus from Mohakhali to Sylhet.
NER02,named_entity,no,North South University is in Bashundhara.
NER03,named_entity,no,We are planning a trip to Cox's Bazar in winter.
NER04,named_entity,no,My cousin lives in Chattogram near the port.
NER05,named_entity,no,Rajshahi is famous for its sweet mangoes.
NER06,named_entity,yes,The Sundarbans is home to the Royal Bengal tiger.
NER07,named_entity,no,Rahim and Karim watched a cricket match in Mirpur.
NER08,named_entity,no,Please order biryani from a restaurant in Dhanmondi.
NER09,named_entity,no,Sreemangal is known for its green tea gardens.
NER10,named_entity,no,The Jamuna river flows past Sirajganj.
PHO01,phonetic,no,The birch canoe slid on the smooth planks.
PHO02,phonetic,no,Glue the sheet to the dark blue background.
PHO03,phonetic,no,It's easy to tell the depth of a well.
PHO04,phonetic,yes,Rice is often served in round bowls.
PHO05,phonetic,no,The juice of lemons makes fine punch.
PHO06,phonetic,no,The box was thrown beside the parked truck.
PHO07,phonetic,no,Four hours of steady work faced us.
PHO08,phonetic,no,The boy was there when the sun rose.
PHO09,phonetic,yes,A rod is used to catch pink salmon.
PHO10,phonetic,no,The source of the huge river is the clear spring.
